model,accuracy,precision_macro,recall_macro,f1_macro
LogisticRegression,0.8138888888888889,0.8129246419884519,0.8138888888888888,0.8122374746744964
RandomForest,0.75,0.7513406748700867,0.75,0.7498226255381066
XGBoost,0.7305555555555555,0.7328976647225541,0.7305555555555556,0.7301550266116442
MLPClassifier,0.6888888888888889,0.6749184593930696,0.6888888888888888,0.6742201279852916
